customer_id,gender
49101,0.4282573559637182
114348,0.7899872168210614
127946,0.6884419452909636
137367,0.4172726670558579
174467,0.6229415578681378
214804,0.8161139012757634
251590,0.10011146444274528
272657,0.11270991891067246
378318,0.7665093886164333
390759,0.9447766960283625
505638,0.29870991807061176
541452,0.15498964751091868
546786,0.19087044124527075
589185,0.9543861675381395
635849,0.16235279165489724
735380,0.43406186241078804
788112,0.2484515497338362
820723,0.6770666218952655
903961,0.6065162620790446
904539,0.04591370046040156
941185,0.26720290075589415
961425,0.8746875668637935
971575,0.44558159766870553
984061,0.08672261835798495
1023983,0.7285470226554059
1087616,0.45181151768904493
1088175,0.7547839445950106
1109129,0.7884458704601189
1115426,0.9091536390347702
1139307,0.49317500168223727
1177740,0.4204577844849289
1211346,0.4499434590742484
1271467,0.3972476918008171
1308272,0.28036410681026297
1420045,0.8771828315513871
1469056,0.7075249297580384
1505158,0.2058080618399874
1546466,0.4904767948366904
1567497,0.47641629607957847
1582976,0.4414910706452063
1714555,0.33872696999746116
1732939,0.21685209131845498
1859939,0.773773981843443
1867994,0.2829955650946904
1887297,0.3737923961431197
1983589,0.13116805210978552
2098407,0.7344811958276765
2137396,0.058341906227038415
2169770,0.3868490232456684
2177252,0.873404673738959
2264868,0.5574766179218493
2279881,0.6140437241734888
2287385,0.43480482366360806
2299975,0.4740863104719918
2329892,0.5518288561315821
2333956,0.24937764639213084
2340137,0.9279026391230292
2353453,0.2150979286828698
2463795,0.32556148339434343
2464493,0.42412173676817333
2491620,0.5783755555648341
2493740,0.42412173676817333
2518708,0.23774353447387153
2532836,0.5276304707190071
2714622,0.141168344654386
2730512,0.10517952292145206
2733562,0.40525902408612263
2740197,0.11582645610621045
2768803,0.05712712132120673
2788526,0.4597988251897028
2805830,0.9552789831782159
2810793,0.47621130349171575
2872341,0.3361183419393887
2881605,0.4583648500158251
2916305,0.382981286609538
2942372,0.32111280660682423
2956076,0.05364992320746028
2992486,0.39171095311972465
3017155,0.13344842464129622
3086538,0.7779804152725582
3116382,0.29375074055567163
3136315,0.4479577656115906
3143586,0.35126769965956606
3238487,0.5333500588902854
3243044,0.42548843941190334
3284483,0.13707185836965782
3368868,0.43105972808386717
3419519,0.03718385149787438
3510307,0.7935600982758313
3525018,0.7973980790954522
3555716,0.11521760276842895
3640332,0.1010199870281285
3671964,0.38504801121883314
3725814,0.5916948137520904
3812843,0.8612863151206234
3837731,0.4128092543815499
3848748,0.9239503365934991
3850938,0.43415212182259977
3917249,0.11991992408311698
3996099,0.38456800436373406
4020883,0.6956769113472755
4038688,0.26158427018804103
4067941,0.3415167150919136
4077514,0.8786891064607777
4092048,0.45293691756759963
4099715,0.4740863104719918
4123368,0.025345470454186676
4131179,0.38882682760077164
4166824,0.051659316558357565
4178902,0.4013013804374422
4259997,0.39219677027343924
4267952,0.07013410806600076
4316393,0.7897792110317255
4347691,0.41753498189287136
4444740,0.26783799756381976
4448989,0.8969584855532974
4469885,0.5194542864157594
4472392,0.1564192504469799
4479599,0.4588727059125124
4490121,0.4435834958085352
4494007,0.33182728609589657
4500911,0.5170067597779177
4555624,0.07087275579601177
4664861,0.35155839693666274
4707639,0.4480313315165942
4730615,0.3279998477997717
4736518,0.31299416598559987
4767937,0.64447638738345
4773952,0.6752401164751957
4781345,0.10574111308456643
4791875,0.1292225157522158
4869616,0.3733170607262954
4891744,0.14888311738773877
4893652,0.354150014106732
4974442,0.9302501123011759
4987087,0.03341677578122601
5013057,0.25296349723563444
5041537,0.05861871511778868
5073755,0.2641949508040068
5126711,0.449621814475725
5151296,0.5737739343841072
5151866,0.1738228442700572
5175075,0.4802294670472794
5192089,0.5996702281600772
5205423,0.11393450208449957
5258986,0.15668295081479525
5333309,0.0885087663380434
5378522,0.07078942489769588
5398205,0.849593390741956
5415486,0.17867426495705108
5503337,0.048572841772959015
5537969,0.4204577844849289
5540528,0.21966754367876323
5577042,0.7048853351164828
5600220,0.3526333659496558
5613605,0.6602091989262306
5629290,0.7260559875180711
5633658,0.1642838907638396
5658526,0.42302183956213424
5666378,0.05349476312584644
5680700,0.4293585424362726
5752067,0.03150541954951264
5810923,0.0466818903585434
5823643,0.8926857345575475
5853490,0.38638201397715577
5915744,0.36825297062969214
5934823,0.2641045241072437
5970496,0.23030499423503706
5998515,0.857735084353215
6006279,0.3852393920785636
6019747,0.15652933241167408
6020257,0.19318374207061764
6037894,0.3631916436109562
6040512,0.46556533676791106
6058567,0.4179572520399047
6077466,0.06120717984497049
6142398,0.04728809383517898
6177329,0.6523525193080385
6199148,0.17385664056992461
6211153,0.667424668050554
6329922,0.10493589993608936
6445707,0.4934157015370541
6466909,0.11161559532313482
6611252,0.1597909146002455
6620779,0.2492300447121663
6680148,0.1717804621944468
6710884,0.7758879943780556
6725289,0.3100535293717748
6732250,0.07071045472092824
6736634,0.2762747004470987
6846017,0.8734564106835695
6909825,0.28187693016037385
6915792,0.30345997434004085
6920906,0.87507163297631
7052402,0.03769511862928287
7087306,0.4030664577676778
7125539,0.41726137486415565
7184486,0.8896861413753039
7191842,0.1373091480517352
7196194,0.22218286563008458
7267558,0.8757436854613482
7278214,0.20158705043751407
7308945,0.41716269180119164
7346475,0.2883100730823763
7422874,0.0881871615930928
7451151,0.25042757507569474
7460402,0.3705397710172318
7476065,0.4120949518692259
7479579,0.5406800106005385
7537770,0.06948402056567358
7582139,0.8931681308791014
7636954,0.02575112746562511
7722362,0.05607452641694238
7756714,0.2817320404448478
7796559,0.4366407138009556
7802557,0.6624473267477075
7832145,0.378581322801031
7864129,0.3043225785854431
7902188,0.31788627447043555
7923928,0.28495718640985784
7934309,0.13399283422429986
7969887,0.9197399392677761
7999570,0.6367277442523563
8082257,0.8721133137490712
8115829,0.8807609046071262
8132820,0.28446333350341363
8133598,0.33753564037953065
8180048,0.575324393534537
8232645,0.584257759510702
8241012,0.07590771540276504
8248366,0.6304588026582925
8250969,0.8826838584936283
8334161,0.4867186881526229
8336166,0.5706199030651854
8343937,0.6533326336970563
8365381,0.7252677745374875
8367960,0.44930206590648847
8386564,0.18755859589818571
8386842,0.3605632077455971
8399326,0.5253801162309442
8416735,0.40721577185238733
8425008,0.6069916066634742
8458350,0.42268948048755156
8462275,0.2034683192198339
8470300,0.651114289290316
8558731,0.8097603460785245
8573680,0.227679493420008
8578679,0.24612077170844002
8586902,0.2273993770376185
8645348,0.49995458000664933
8664193,0.4802922560663371
8683178,0.4841375560991514
8692746,0.9290436050666375
8779120,0.9234694320788241
8788091,0.2866120968008861
8788444,0.25763947494332023
8790528,0.9430116496975975
8860625,0.422469287195089
8928713,0.5654986802507335
8956496,0.37603554980720116
8962721,0.20532736186922895
8986053,0.5981240596849392
8989665,0.6380580201104056
9032723,0.15218799760335033
9036453,0.7434449523679558
9064527,0.38215647462728003
9076075,0.548915604568644
9112223,0.6082505212979339
9185090,0.33487643565024916
9210299,0.24784055845844088
9279596,0.3725089907433077
9279923,0.16508604028928503
9282182,0.4302429067811758
9314238,0.334439186414797
9333277,0.5579481920004421
9337468,0.8259182155621451
9353057,0.19309953858496506
9391844,0.20207890830998254
9457606,0.8473871010886731
9464652,0.2545398583677187
9470892,0.050907892955651096
9515541,0.8138941169005831
9518822,0.08808033966488256
9546077,0.4641591144393941
9568127,0.36824657079405854
9607614,0.5498846831647044
9610338,0.639522746799326
9628464,0.5209095925749644
9710131,0.13879986958809126
9811952,0.39339425927559646
9893137,0.5384486873168638
9898769,0.5702263111499853
9899803,0.5139618720442601
9922882,0.5640090937701715
9963632,0.25936511031317516
9967644,0.05795800746810777
9987401,0.4204577844849289
10045498,0.04078355669894676
10058557,0.3235197153195889
10176170,0.6061328646394496
10259614,0.3536419904684192
10290561,0.7762025663686167
10309206,0.44143983199149195
10328342,0.21178552706518128
10385103,0.6342402360167797
10469400,0.9444505862620588
10482140,0.5519535805299043
10506836,0.41967869494171556
10589831,0.9665977248474137
10600843,0.23658811219311981
10656890,0.26414048649239424
10666447,0.4349434438889385
10711025,0.16408412112574297
10748004,0.322968135275552
10763919,0.7877754507006003
10802212,0.4204577844849289
10802856,0.15934741493087673
10805399,0.6700849253875106
10845911,0.2769531406390928
10867310,0.24206930330109847
10875817,0.7018909360969345
10886531,0.6855295445170106
10954763,0.21991570067137345
11065148,0.34781458746929267
11142729,0.925142466726647
11148023,0.7857641623932456
11173473,0.6438255188707331
11228581,0.2339645630028804
11292128,0.7151211123901376
11325341,0.15334498237419397
11330604,0.6075258043320093
11332993,0.7426954691990807
11337455,0.6250515533319317
11370413,0.5856282845733378
11397076,0.5745261116690614
11421609,0.11719730474786265
11425537,0.48978204680480075
11463393,0.33872696999746116
11468930,0.36204732201276235
11474181,0.16588391967597899
11511328,0.32477801374888393
11532626,0.262737465882958
11576272,0.17820206324938667
11621687,0.38677994618910083
11624643,0.512896486277904
11631584,0.49542925179863895
11739616,0.6636364288034682
11763909,0.41875604524628507
11819055,0.16103912216527436
11822388,0.8143290708426951
11865703,0.7739059530409212
11898035,0.6390574675302902
11947576,0.36689840431727877
11963965,0.2899483172088446
12010535,0.9566997767486756
12036459,0.061143345669119865
12051455,0.706987217105197
12059762,0.3852393920785636
12070067,0.3129651104585934
12075801,0.6840567693948446
12120260,0.29640045931538683
12149925,0.045336494076952755
12175094,0.522134586430167
12178012,0.4210325207756687
12234095,0.5054908912694848
12284486,0.5169062392726834
12403092,0.42412173676817333
12494146,0.07002368193442678
12542657,0.614987702484231
12548009,0.24178503118006314
12615543,0.13963577192238494
12617567,0.0512140184067504
12749531,0.3331262662679215
12781840,0.5415681808392282
12811046,0.62418791611966
12826852,0.8012073138559894
12829225,0.7623312574466192
12878356,0.43873387434704897
12889098,0.16511379603083795
12931945,0.4937290606172111
12942642,0.9567177494409298
13028904,0.5191180199984468
13034121,0.3972476918008171
13210353,0.4259736871999402
13302287,0.6405121041641616
13360298,0.35362339169622836
13379653,0.9388868763376571
13388782,0.461372930626534
13398107,0.4725331602760793
13404665,0.8335640553638626
13447213,0.4436908425689291
13451465,0.032254443560738345
13466200,0.47548614521179466
13475789,0.8972755237656135
13498047,0.501262844020338
13645274,0.4797423444782788
13670767,0.495047256737871
13682748,0.16925871492647027
13746011,0.4091692317683507
13756442,0.11929535942791797
13772117,0.8519752558283837
13842267,0.42412173676817333
13847189,0.15255639769845386
13902815,0.12562910532520508
14017807,0.9504523295229185
14092000,0.03668798840809108
14106416,0.9539733247870552
14230443,0.3848061197258044
14252692,0.04727812835082803
14275743,0.3437631081597843
14300407,0.33097083590419774
14332733,0.44326127785282826
14454241,0.08833995552448226
14556762,0.24280649107961552
14587736,0.9381151719546221
14641163,0.07773779226773
14647979,0.7272195188494006
14652271,0.586456511544798
14690847,0.38009809450456356
14709673,0.48393801573742085
14713603,0.5028250503433408
14737664,0.7764955184267188
14747265,0.21240149067433867
14898358,0.2407053935752846
14905888,0.6940155517851906
15040528,0.702828700761892
15042079,0.9448782946176257
15042083,0.16039590943238052
15047873,0.3568961234942452
15112348,0.7348539435633591
15115077,0.4753125414921289
15196059,0.1392211339501676
15205815,0.7072751876310162
15223800,0.17509040528488523
15267436,0.08283809733138654
15321146,0.14671446374729794
15377876,0.7882925935750147
15428955,0.3481941811148637
15435442,0.49755699010985327
15461417,0.07443019475329377
15462118,0.5592691174758313
15471394,0.3861877041873706
15492735,0.19775628714815732
15511971,0.5250256949399845
15528235,0.17811392979403948
15588952,0.42302183956213424
15615770,0.0776327070452139
15659879,0.20639470915917837
15685502,0.08419296504537897
15737383,0.918224477806894
15742901,0.11876888832632111
15752946,0.8263908593290096
15786927,0.14477118330762526
15791788,0.7718278695948173
15904515,0.41339920532342905
15913937,0.16033780793186134
15923301,0.3723850698424502
15944492,0.07124818202641199
15993282,0.8652040322272563
16044366,0.6789260413690963
16065892,0.3309455955521979
16083891,0.417061333940611
16102335,0.2912848617564984
16115351,0.39535729613099446
16181139,0.12575009399501094
16197496,0.9614194725673645
16205321,0.28285358230308494
16267765,0.8808644901141028
16309666,0.8169249760576854
16321752,0.9106524147912329
16330781,0.4204577844849289
16331369,0.8790875230121719
16378266,0.3735972992514231
16412935,0.4414910706452063
16420571,0.4068718780254267
16448797,0.3766779931665398
16522855,0.8352447733160377
16575331,0.8058780431085273
16617058,0.5219494008191407
16671175,0.4048183227328067
16692763,0.37473126054132533
16711781,0.9648714486410703
16731650,0.4854417427734706
16749393,0.6831123044073301
16761497,0.5425370398210019
16767160,0.38498853260096655
16779630,0.48858249855337155
16795304,0.8632413083686586
16806190,0.2292761305879148
16848662,0.4204577844849289
16867721,0.03353648406673776
16903491,0.3161829983737584
16905276,0.7078812279776105
16917381,0.1758933053179399
16923362,0.2698793273054826
16989493,0.2689789309380157
16989800,0.4068133205327601
17027775,0.33872696999746116
17031888,0.4083320046131282
17039869,0.027882062478579404
17044298,0.06604381135990306
17075581,0.9305967229458999
17106100,0.25364977168219843
17287341,0.5667298620218196
17299088,0.845715318151288
17304472,0.8903893986167128
17326412,0.48785693608084557
17331961,0.29787833771920497
17361562,0.37603554980720116
17384779,0.8803018043350075
17398749,0.575324393534537
17433826,0.8101994302386951
17443767,0.37159973191290424
17471274,0.4741459505737958
17487230,0.5707760612829864
17537261,0.06041714422886277
17596405,0.319937998963532
17695034,0.17897130065933836
17770789,0.22249043526692716
17880287,0.08039395125703527
17913186,0.47980553075873866
17929375,0.4350390499806966
18019658,0.15300769287672797
18040048,0.8517753020724943
18087645,0.055567697018135506
18152888,0.9512677872654273
18164843,0.4870936934492773
18201273,0.5623408770340402
18260853,0.06477075783163898
18265734,0.0441906860372708
18429765,0.5038385341980091
18451037,0.36772190436554014
18474311,0.7617904204636047
18501672,0.0554216426563486
18506768,0.8559582141036891
18586518,0.4329522786693833
18597595,0.29313163675365533
18630831,0.31988814358572953
18653633,0.38748523095917
18686042,0.7911120049603365
18727270,0.1420648883278541
18789683,0.0908858256716257
18824201,0.13348241339782044
18836944,0.11431627363528911
18894701,0.312921522311329
18903746,0.31925861490877966
18915069,0.9091189224276514
18932060,0.8335318023408967
18938727,0.4863583390915752
18967006,0.2557181805261602
19140098,0.598909820187508
19153043,0.7711710805619125
19195790,0.9290560575487228
19196586,0.06358420522331601
19205707,0.18223245726435736
19217936,0.33510673152121745
19270512,0.3955095945608143
19282591,0.6632424969686966
19283529,0.8918676364048415
19295298,0.12024135237683185
19368278,0.06511923567840573
19380743,0.7078948724914799
19411412,0.2843067188908355
19423861,0.43832320082262005
19472226,0.13366206425963548
19501407,0.08367426970155857
19522641,0.3972476918008171
19526545,0.9627714808852313
19562337,0.32090842488969495
19575612,0.49047138365890164
19601368,0.11494923370019824
19659253,0.2501745715829674
19664544,0.40466720631942293
19690353,0.903014112558001
19722089,0.6814169889970603
19728628,0.7637373491394074
19742951,0.410043228590353
19755340,0.9803956157988776
19776711,0.8634504907268314
19781292,0.5435200689759866
19782421,0.6221706193998697
19786837,0.6892707944306694
19816808,0.34158157749977397
19887045,0.04556923440176257
19898375,0.44519751129321217
19908111,0.42548843941190334
19986561,0.6221671560660671
20011606,0.1089584006869275
20060413,0.4204577844849289
20085540,0.9531777555951497
20093543,0.06367280479784425
20134416,0.9390393087381858
20177708,0.44519751129321217
20178101,0.04622666351583206
20180564,0.903708740844247
20181536,0.39109790654166515
20219112,0.19314158519680213
20242292,0.28824564465787605
20306938,0.48023677239137136
20475991,0.03484599051734457
20486011,0.8413600296904546
20490011,0.20191855000978023
20494087,0.2892495724759938
20607335,0.035377811528639586
20634247,0.018675524339101118
20644899,0.5435200689759866
20667233,0.18719520294076428
20674086,0.022958891826539686
20678392,0.04711448381701846
20714301,0.3919764965328733
20743864,0.22251161153106416
20757435,0.4058446197107957
20759806,0.3226627741739526
20982341,0.5085034264586242
21006134,0.42412173676817333
21043900,0.3852393920785636
21084731,0.9186401223473454
21106621,0.282294920182506
21166839,0.962417356835647
21222306,0.4052712625664045
21230067,0.6924624443098347
21246374,0.260332627132244
21257861,0.052600080664326525
21264734,0.08838164564887287
21298518,0.03085189743510234
21323039,0.8769893722990814
21332185,0.5803595720148776
21343114,0.43105972808386717
21383331,0.9211508145934143
21417703,0.09576295873571754
21453519,0.17267601079314432
21461075,0.19141996031858255
21494481,0.6356096961393712
21548262,0.3777005452354397
21570595,0.43721571157484596
21588377,0.3364522319797661
21589939,0.9318226298074224
21642088,0.7280688399817633
21654299,0.5513821698135883
21693097,0.7536753110593016
21697008,0.2759111956732783
21702278,0.38634166256628116
21711599,0.422024081140748
21714665,0.42698765279984124
21734206,0.14175793505002543
21775525,0.34311061342995103
21791384,0.43501035570425384
21794621,0.6540221441388436
21840407,0.48390583646380236
21841275,0.4414910706452063
21925358,0.33872696999746116
21957836,0.5602490422794755
21996327,0.4588727059125124
22027912,0.2328308986502476
22127678,0.37960366929854555
22144602,0.42412173676817333
22216290,0.6723099041283352
22222581,0.4836717372178857
22231387,0.5200172920685929
22296220,0.1412995178993873
22332292,0.5257549150710137
22347463,0.7985175391961444
22358381,0.3974403954043997
22378093,0.04976313320478918
22380244,0.4200220205890026
22393664,0.8852254589598453
22443107,0.3455212424072116
22444378,0.043084094999327846
22471512,0.6132606650662004
22564251,0.06959025657441985
22624176,0.8295885760819205
22638589,0.4993913390546291
22714692,0.7952687619214611
22716068,0.3502202581565561
22755426,0.8284890089113792
22774413,0.8983346392234361
22789341,0.5173377025292465
22802134,0.6175764003312167
22902140,0.23361630545465356
22957454,0.3025516426351558
22968551,0.43513421591392104
23070515,0.8637009176081171
23089574,0.34693510475081424
23100536,0.47930757054381606
23111193,0.6227639067150839
23119288,0.43430907239079297
23168102,0.4414910706452063
23200885,0.7696342482660837
23249307,0.4188627893715496
23265782,0.19960606100134512
23310745,0.7882631515489693
23481237,0.25163827186877025
23492963,0.17053695778697028
23495851,0.6599761446234195
23502523,0.5169350084951965
23560101,0.88101618308054
23609687,0.6058659591793447
23687465,0.36880381816304103
23769674,0.467203526235792
23867275,0.9263894657972609
23904796,0.20904239299358507
23955932,0.42412173676817333
23998119,0.16678142884140357
24021156,0.8543182427236615
24040537,0.07098299373953784
24045274,0.5201233394031222
24052054,0.46562438420370567
24091159,0.9632261358889527
24129110,0.5061015543744338
24135148,0.7497016232561476
24150050,0.4107810479336696
24178563,0.8273671150839911
24187802,0.7052531807529391
24197647,0.5091651147319434
24262944,0.1350772515491637
24308330,0.49972864979874226
24321064,0.337950375227048
24331428,0.1724123203675502
24342504,0.5857453903033308
24351865,0.17699879224579634
24372365,0.31336230419430655
24459128,0.12723683035902172
24474724,0.2609233929433604
24494792,0.506759312927912
24513041,0.6891837218990778
24532978,0.7607600045358283
24551767,0.4295093032957955
24562550,0.42011674570214086
24590834,0.10452717796400549
24616822,0.08000040331690395
24634142,0.07761825746090083
24654774,0.7837539867828486
24686795,0.15827395054173193
24723991,0.5630384414337286
24774702,0.41675195475563015
24785146,0.04357445533969348
24799640,0.0656004221998923
24813332,0.29168107193621984
24862707,0.5083437234454863
24865095,0.619962757985729
24871911,0.75273788411481
24933807,0.41074364338185615
24938289,0.805157186359575
24943882,0.12169553544120007
24952158,0.3811881474535518
25002845,0.49070942116885663
25021061,0.42523025469253284
25070887,0.37350362445132296
25095126,0.37168462506841665
25191119,0.9378051699842296
25200502,0.26885771318147245
25207125,0.8259808134861248
25230715,0.30989256163621426
25340658,0.19680865485727844
25435988,0.9166897793473512
25464048,0.37724713353253686
25484356,0.4232044875614615
25485208,0.9687234515702757
25501376,0.9641718734264779
25581270,0.11253909889654533
25601453,0.05722151470725731
25603640,0.18841003519069335
25605244,0.8634277090326418
25634315,0.4392804787447548
25667968,0.4879052272584417
25670842,0.3695672748522699
25674364,0.7156361960533316
25699929,0.35204137091041465
25758474,0.0449810128247669
25768503,0.44171373202671393
25779030,0.3972476918008171
25824736,0.5105144431472937
25852902,0.8218715080900881
25868288,0.106099834417775
25873481,0.11439079225410896
25876033,0.16279419034723167
25882049,0.36686790818947873
26059244,0.757123430752351
26063637,0.08454171109959682
26127374,0.9413969107255381
26165292,0.42548843941190334
26175665,0.21141928811948457
26288262,0.42412173676817333
26362332,0.4983852104110965
26416279,0.6213918769843814
26467726,0.34875932581921465
26503902,0.046019218317754365
26519326,0.7394814472492831
26524473,0.2416808159632261
26555486,0.36392781450298417
26557373,0.9330406854888758
26577074,0.12353931582506712
26589647,0.4709153105825603
26618467,0.3546140482579425
26625334,0.6808494175833918
26648481,0.5942860899497144
26675767,0.11703435455553708
26759878,0.698022468937116
26899287,0.3412625201337094
27005758,0.44065303191203986
27021493,0.30190309121118564
27058219,0.733416934456648
27080654,0.3429597656634799
27082609,0.43430907239079297
27145285,0.8096557237271805
27170316,0.9368142491840704
27172384,0.20724934607144968
27177913,0.9219951414605201
27252617,0.8656437887700504
27284097,0.31861558025812065
27296197,0.08790245597150076
27391749,0.2951388444367085
27398217,0.983562473751139
27475907,0.4965066598177972
27542007,0.4302429067811758
27548281,0.2642476850626747
27583358,0.8911212109387167
27591424,0.21157951584356993
27673939,0.2994442987721368
27718329,0.42412173676817333
27825516,0.20256878601057982
27887815,0.679280263464411
27913607,0.3197075501580035
27923912,0.097914812343347
27959814,0.29933428876661317
27969702,0.11750555845984567
27995307,0.18654944968060627
28053875,0.8741214875102878
28103058,0.9150764731966392
28177141,0.3214982136966551
28177755,0.2146394595589628
28177840,0.061382177809732236
28286397,0.4188627893715496
28289457,0.9259251602014182
28298874,0.15218115615200548
28320690,0.12317684463619019
28380738,0.2892645427458887
28386083,0.6697529288542012
28411811,0.9627063326147394
28426327,0.8608984738313289
28454653,0.7231232164726726
28464655,0.10556643489679098
28495076,0.3122009960736938
28537004,0.22455580139644699
28547966,0.06639769803154673
28548186,0.41359670566269946
28566958,0.3674446065837863
28569111,0.3543250349500005
28658492,0.4204577844849289
28676160,0.6471116902758591
28681720,0.8300588531382065
28693893,0.6400506316711452
28721598,0.6363107685496444
28759413,0.41185615381926555
28776112,0.754809196094838
28824618,0.4737738349927269
28853181,0.5840166595879175
28894117,0.4276366167892083
28993835,0.38681083273775624
29046784,0.14531865094866006
29076626,0.382981286609538
29122508,0.5717058626814039
29153041,0.26622421528624707
29164757,0.8665710455467075
29184203,0.3852393920785636
29242919,0.9717603813978273
29293837,0.4499434590742484
29308982,0.2580613516178376
29319224,0.5450937942938672
29328681,0.5018843597185477
29364402,0.9491846356391946
29387755,0.1114486006581954
29389212,0.056335491324736406
29439901,0.6162715791121531
29476508,0.8256811854814903
29495596,0.9288236922286867
29511155,0.1932495151108876
29560954,0.41620426907573277
29590075,0.5044775521786503
29640440,0.7355608239723274
29643080,0.08329807701753829
29678690,0.9045383352739493
29680291,0.5140488832100203
29697477,0.6003994884232474
29707168,0.1356845206308886
29718234,0.7345937298058198
29730519,0.3693852023320266
29807848,0.7950836114001799
29843442,0.30571945242582016
29874386,0.7070541378658799
29895357,0.2153999880647608
29913705,0.3749050680847549
29979034,0.8711319473840796
29980579,0.543721229753124
30066387,0.37770082359621115
30107575,0.3153540074598963
30118153,0.31763749276378833
30118259,0.4862886241385939
30134181,0.5733008019765338
30134702,0.42412173676817333
30148004,0.274473520885568
30151817,0.3532374576935351
30165349,0.8087423685295337
30190284,0.6441180529696744
30219206,0.8941620902639442
30275100,0.43105972808386717
30333151,0.5547928590561962
30337632,0.28627451976518203
30386561,0.41139351480233444
30523272,0.3972476918008171
30531223,0.10227749330613889
30552147,0.17550578918158766
30564909,0.4719799521505337
30583637,0.6163380410858339
30629722,0.8601609210301279
30702646,0.4965949258003486
30723799,0.2556350338219097
30912810,0.17260018691708665
30915783,0.36052068975457713
30937173,0.08547492822466782
30978132,0.4933618132863718
30979258,0.08878101999306687
31000653,0.3965203097813329
31020311,0.33972519234576976
31025203,0.42068276068853816
31144163,0.4946584920975384
31154341,0.25301163556633993
31155703,0.13727447107758045
31190735,0.575324393534537
31195009,0.572704503924359
31246163,0.4845811305554689
31289601,0.8241313548656012
31303774,0.26897641437553693
31342965,0.20253410507319422
31346629,0.42412173676817333
31347061,0.3873736830869697
31405907,0.2523273767162639
31420997,0.40042355418312486
31448278,0.6139465100183182
31489742,0.766332683473699
31497342,0.46453638873246184
31502987,0.08699343590606276
31510849,0.4311866793174012
31513807,0.9339162491360751
31522603,0.42412173676817333
31526683,0.3225632420223694
31588161,0.8002364862498562
31593977,0.7325290557542792
31686248,0.4424306814218185
31691920,0.711058815299238
31692873,0.8494947700615658
31725904,0.3987181929981103
31733299,0.1980800652415474
31734301,0.19554272518628826
31828289,0.33510673152121745
31865392,0.5196425379363153
31883399,0.42412173676817333
31897225,0.4179955175570312
31914539,0.47879177883955437
31919316,0.7323418290994593
31926450,0.4521363228014027
31934035,0.42412173676817333
31945620,0.43590038860418195
31950329,0.25730673130093124
31950858,0.6366086392159339
31958154,0.08437291780739742
32011956,0.1934787740903285
32015063,0.8939811156061481
32039101,0.4204577844849289
32071141,0.5698401932561599
32124771,0.33182728609589657
32131601,0.9145276916125715
32137332,0.5715302484084841
32205266,0.5667597377344142
32222099,0.049106086224067154
32235956,0.6570225147556991
32276354,0.7396860778736728
32324963,0.9670929445714341
32329847,0.14547707527090037
32367036,0.771993489418404
32395249,0.42412173676817333
32428366,0.430143214182077
32467842,0.95245273588258
32489134,0.5526358411047496
32497523,0.06388776228536314
32564509,0.8183461609306724
32569061,0.8702460472739584
32580378,0.4204577844849289
32589358,0.04060358002551399
32683386,0.12574922321860618
32694726,0.5217615166855272
32721794,0.4250944132421048
32744799,0.0711049283314007
32780077,0.3221445821400452
32805024,0.9426977946552985
32810102,0.22547106547617185
32810617,0.9662821927485606
32861121,0.496039356020456
32868352,0.36900521152236526
32872364,0.1222640293522292
32881291,0.08672721752976774
33016455,0.6066847505569413
33036113,0.8596258888486418
33073311,0.6399387450707197
33176512,0.44911910171254243
33249832,0.1884965478083773
33273458,0.42412173676817333
33383476,0.6532827719303806
33387749,0.12256274978630141
33423516,0.44911910171254243
33556885,0.33872696999746116
33559804,0.26758531628875415
33587322,0.8420804108478903
33644001,0.6504650281809687
33706195,0.5625323722613207
33711854,0.034270211579152464
33778608,0.02287362799876922
33824604,0.39094121458623166
33869172,0.24848767989616874
33892530,0.1940636471367133
33898329,0.06486412314948861
33936617,0.3735925361694486
33962160,0.36746623991421135
34055503,0.8892051221016687
34124149,0.16205621198124995
34132376,0.6102941399344448
34194330,0.07867192135433351
34204036,0.22871026804284603
34213354,0.4740863104719918
34226912,0.6737305000063857
34308656,0.8466613686783296
34319306,0.46986675710931386
34413154,0.03859408903723956
34471023,0.16883053492756578
34525614,0.5085004161494491
34584581,0.17048687457773495
34661969,0.699624897387519
34746864,0.9463062984122549
34747280,0.6989295921374249
34747815,0.7747819412944716
34767686,0.1985112821704347
34789111,0.508297059069186
34791180,0.42412173676817333
34827776,0.13666815702984433
34851657,0.8072813922516631
34857695,0.3543250349500005
34897653,0.3568961234942452
34918387,0.36558144761822664
34921849,0.4030152783878849
34931235,0.4179572520399047
34954119,0.21705692059482823
34977500,0.11081689082200054
35041097,0.4385364425601986
35071735,0.0724227849484898
35151009,0.8410985823425725
35184980,0.9273465548731223
35200352,0.867846089189198
35216221,0.6586322529348417
35234377,0.852824162210231
35274106,0.4107443307032167
35286063,0.4302429067811758
35320267,0.4499434590742484
35374286,0.4676306093419059
35424326,0.36490932603535625
35444959,0.031941605401099395
35457095,0.5119921783152641
35476711,0.9647340459072934
35513928,0.6412133383416718
35536833,0.4068718780254267
35568001,0.1903924734000873
35639928,0.9119419726332909
35652444,0.19858066995373666
35715495,0.3443895426028049
35726426,0.13080459729911129
35759626,0.382981286609538
35760376,0.5888535712935982
35765854,0.2900967924410861
35771719,0.4740863104719918
35796889,0.23602495097957846
35896357,0.48848797290002816
35905243,0.5245448693624316
36028228,0.5956352313068853
36084703,0.41185615381926555
36088664,0.06306720205928829
36120546,0.771536780095832
36201007,0.7520134697909674
36201953,0.30573536689516245
36209184,0.4583648500158251
36212426,0.34582332751731276
36247248,0.20762291371395378
36304348,0.5473371332441773
36318766,0.6618826840350237
36326817,0.9713847043020412
36382716,0.1756280782819452
36422352,0.4204577844849289
36483672,0.5367831851443182
36576206,0.4466168929445107
36583334,0.3790063004405522
36631696,0.5044163305632595
36667035,0.7301808237166872
36734991,0.9464220216378032
36740308,0.1515878106498181
36772124,0.8668179580456319
36781400,0.4423438845129344
36798944,0.2219968501811301
36839127,0.42978222261360993
36840873,0.16241185926297044
36850034,0.24862148656242553
36878451,0.6020478555427103
36940981,0.5097520699649206
36989656,0.46562438420370567
37006093,0.3941139454210763
37025153,0.30889313311610955
37050951,0.23244727081381647
37127213,0.8306553223902382
37146759,0.4996218530661676
37210858,0.7925680830145007
37362216,0.1059415317138102
37397665,0.7111428184539039
37425501,0.4534631294265051
37430257,0.17061107517546384
37492547,0.1322025804364088
37499325,0.9129460313218655
37510454,0.3624155247231821
37530590,0.08332148904346803
37591390,0.3214816500130657
37649427,0.0372377387067471
37773393,0.24479699445837405
37884416,0.2771811707002567
37893432,0.9017357936061289
37922169,0.2441011792369325
37998052,0.649487495778408
38016815,0.9723140279391963
38019268,0.6484319929317437
38051143,0.7056447509002424
38108266,0.58723373011187
38138134,0.569455563059688
38143001,0.711069803178313
38178693,0.3711747314620953
38180274,0.8858423209122026
38220721,0.21999148560414625
38228045,0.08536343503320114
38268015,0.38708510880720476
38286663,0.2085055653390613
38337584,0.08945716158471473
38355391,0.5760081200831787
38504895,0.42412173676817333
38514044,0.6773276423537622
38519546,0.42763274687587166
38584256,0.46562438420370567
38591786,0.5039313730224818
38596162,0.671434132902437
38617012,0.536734613117761
38648262,0.8751792961332705
38671122,0.6323906989878345
38677204,0.45887293482154795
38688843,0.08031573192322296
38699841,0.18636565351851297
38707022,0.8500453350195901
38726219,0.9219842309684226
38783952,0.3972476918008171
38841087,0.26654851925225376
38873036,0.24402659391022252
38877775,0.37791901595230537
38890720,0.8591768028633503
38964548,0.8232735880388758
38994119,0.4138540406695259
39002418,0.1682198685050044
39010619,0.16874467442816252
39020827,0.7416868420241085
39050355,0.4204577844849289
39077584,0.9698301944659546
39078187,0.3601165667411101
39095291,0.44843926476627183
39097085,0.816357691396836
39133728,0.05887199501476095
39248782,0.5013382810973105
39291271,0.7790413120577876
39344042,0.9077266144339712
39352266,0.027195574079897363
39408065,0.19001701046285716
39452396,0.34840843486579043
39460612,0.39418041473787185
39488811,0.39686096744375676
39525371,0.5895891712601325
39582005,0.5047283415176117
39584223,0.0536143938743463
39590939,0.6436676851210128
39626517,0.7386454488061136
39725691,0.603722132087161
39729757,0.8276030974385475
39761389,0.18499308571118298
39796731,0.3861492100937677
39843429,0.0853635779200436
39855298,0.22685974705117695
39863574,0.2816865300392319
39867108,0.46562438420370567
39868111,0.13228200529653075
39873090,0.7853518448161148
39937696,0.7845661891641874
39950974,0.39627627040169794
40000227,0.49949045454890956
40002529,0.8364390145339198
40032313,0.4254219967768837
40040637,0.6872404291051446
40077085,0.315627707676914
40080020,0.44911910171254243
40090913,0.6181447540957598
40131993,0.6753376470307082
40173233,0.6583854185583622
40197046,0.3935622875684342
40208033,0.8061790259664745
40333622,0.33564146684510915
40389341,0.6645746163886261
40506156,0.4082603432548828
40516517,0.4025506597888828
40553692,0.3013290584666431
40617181,0.3667460848813294
40675517,0.5308389296534919
40691305,0.4693057416248831
40697441,0.5758131305339286
40738451,0.38757956511891184
40782485,0.30405969010846456
40794899,0.4350390499806966
40798321,0.31521416199218394
40826393,0.042176944704484805
40842773,0.19599952656560393
40845931,0.30631220511931195
40851388,0.3590580284529411
40868825,0.7102710158056877
40890730,0.5482970572892903
40896482,0.29211965964680336
40912127,0.3909365846946758
40957411,0.9573963346194201
40977043,0.8309231068398484
40985902,0.8887174108388134
41035404,0.7986782053692493
41063716,0.4090209272276653
41206678,0.8921318669999112
41250316,0.6179860318452448
41253082,0.6571387450443317
41268389,0.3530436089394141
41278606,0.20559570675379132
41317327,0.45117503274278653
41354564,0.3302971998511275
41402784,0.12699600516938653
41432519,0.4936081807355873
41508616,0.702764852318809
41519597,0.6127693130896177
41553813,0.4320808838715959
41570755,0.3886418304011077
41586700,0.4130538979842248
41589258,0.1411655444645292
41593548,0.4740863104719918
41671408,0.2499073030876676
41676509,0.6776430421180555
41677616,0.046269274133984684
41733016,0.2886574921632577
41740108,0.029395946764328214
41749399,0.5140521878200232
41828443,0.45441336306334634
41866345,0.7383962473045644
41914154,0.35361325693147555
41924835,0.3260175756452259
41930138,0.9255976329842455
41975596,0.46222638819943457
41992133,0.3714329202696923
42052021,0.2710449566540729
42087923,0.23138110597832404
42095372,0.7880405497116728
42110434,0.42862953789728797
42123803,0.36796699485802686
42178458,0.40998546880261605
42183126,0.12577508881499846
42239766,0.6361063912964654
42253470,0.17493072425257442
42270256,0.051797251379934746
42349925,0.6151134919672602
42353680,0.20989011798608823
42363434,0.27296514396030697
42391654,0.38832530482964106
42418855,0.5277558928256142
42499362,0.555940013869493
42592016,0.07317015707234745
42706169,0.8181033563883834
42754291,0.8392224326985634
42800618,0.14822657539828119
42809309,0.42412173676817333
42814673,0.2104583527069026
42863380,0.6534496862457455
42928556,0.43265635561238663
42943868,0.44911910171254243
42944405,0.8594581664710855
42971992,0.14082433422635962
42994382,0.5766520518589835
43006473,0.4702932211837786
43010105,0.5672284935207226
43021363,0.035613913875295694
43034825,0.2712259138736061
43038038,0.21464815416209945
43085507,0.9728256849329645
43150346,0.27106836824505876
43195703,0.4204577844849289
43206568,0.4000978464442618
43221809,0.744453083048577
43300261,0.44519751129321217
43308339,0.3695336843337894
43318158,0.27332099963875284
43402381,0.5056528345740561
43471077,0.7618771116238006
43485617,0.4056031382581013
43494624,0.42412173676817333
43497279,0.11446389509498178
43520938,0.9297098346662964
43542559,0.21818154019492678
43550880,0.9815478349617515
43635814,0.2575698930653496
43641791,0.715697390151653
43719841,0.6961990808872688
43731955,0.1535996644497029
43736516,0.44711289526560405
43766960,0.37064151253353517
43768815,0.874807473114117
43791407,0.9109058473211362
43803219,0.11591775727889939
43834098,0.4408212755645496
43843285,0.41973211473405214
43860093,0.20556273630844474
43883286,0.48676040113730873
43894350,0.5018752752710648
43930125,0.28041727898217667
43931691,0.5018312456203602
43934227,0.37833534731902146
43942445,0.414838000694177
43954415,0.4414910706452063
43985003,0.11816906933154607
44086992,0.5248408452467874
44128900,0.38327074096323205
44147320,0.8713316725978019
44169982,0.916368704759117
44237168,0.45422513010315013
44345264,0.3406815649362506
44491596,0.3121977338308098
44531200,0.23185590434193845
44611289,0.9004576754988145
44653968,0.32774113523769605
44695825,0.21111759681834363
44698445,0.9722594359840532
44766825,0.12236362601537154
44790747,0.21257928822898184
44835891,0.4528751712029706
44851634,0.3327181923512675
44853390,0.11649601642050393
44873974,0.44911910171254243
45010798,0.12155224626927963
45123326,0.6928657670584661
45227053,0.10718701776359951
45251588,0.4606711114765149
45258227,0.7843211951003732
45280580,0.22860593748101696
45281708,0.19699889926418893
45305790,0.3406641002613845
45356726,0.21370360805973548
45358821,0.3767053666494996
45399937,0.26395976812733357
45457016,0.8450896556280562
45467593,0.38854925869010104
45479973,0.3371712874518265
45601657,0.40466720631942293
45630829,0.42080345077718895
45708558,0.8159733442555966
45728687,0.721613119396188
45750252,0.48287008744507004
45795926,0.21928257124546569
45821941,0.6420116599474859
45825869,0.761793457751506
45828687,0.6640940139268159
45863288,0.6942323851348741
45959249,0.4143566410767457
45980810,0.29481933283522704
45993845,0.08387309673551252
45999685,0.24654189113789374
46000408,0.9191081995160731
46128853,0.19033860408937522
46156867,0.6913604603262087
46174469,0.10187961218943989
46180411,0.05345673054107186
46192684,0.3983840563854709
46213241,0.726472963706152
46222201,0.06900840432362702
46223552,0.2573500685711925
46236143,0.13430587299432803
46251528,0.28079441351596096
46271150,0.2986627890604438
46363024,0.26460730241637653
46368438,0.42679044471644484
46369214,0.3697349894912885
46411454,0.3759241546721179
46440346,0.42412173676817333
46479242,0.04133132986928968
46549155,0.16581922445337577
46577243,0.33872696999746116
46606512,0.4862633303247956
46629877,0.5471298437398848
46664014,0.9429492429286012
46678844,0.21232720611183212
46759388,0.8875323832391876
46797614,0.38195453978501215
46798020,0.6557335193842694
46812280,0.5086614196544432
46853761,0.942106790993591
46857524,0.42047295159084075
46876368,0.4471930630653699
46890042,0.4520614891935019
46896161,0.0205854104306906
46931053,0.8494351296841384
46967214,0.655927182501645
47005673,0.6894657825217181
47041136,0.27010323140206993
47056620,0.7851160465017867
47121169,0.19592668820432924
47176666,0.4179572520399047
47403816,0.7683447627559757
47412460,0.08984158915870041
47419963,0.6611386719326398
47430126,0.4353932645125703
47468128,0.6393832718733848
47499859,0.04642047013543747
47510814,0.168041373548022
47511758,0.903774298337656
47563681,0.6062517642395554
47574729,0.31580079970483826
47577577,0.3083655943939458
47580121,0.2818947291966463
47689124,0.9034668471579433
47695293,0.944714673150214
47725062,0.4477913222669432
47770801,0.8829713120892678
47813563,0.24278511815515935
47843594,0.7939191943180847
47884197,0.780639769728756
47934592,0.2453888288076171
48036061,0.14035608263340457
48087576,0.33682571658166754
48090752,0.3046575620530232
48094140,0.7560653916254458
48101409,0.8265953409537004
48125969,0.4204577844849289
48131034,0.03558042468468079
48175348,0.8862930738063766
48254713,0.5254196174802098
48263763,0.8908541199245023
48267901,0.02487223984983907
48289048,0.2569338398445477
48290280,0.9198166493482095
48379608,0.4583648500158251
48380112,0.35456295893255496
48404060,0.30709898860926804
48461121,0.5155005771665414
48573524,0.12869380048259396
48642623,0.14142297041946675
48657857,0.44911910171254243
48737736,0.3605529140609158
48738935,0.5103526299513869
48741933,0.04204206686542653
48753673,0.17754526395308665
48757968,0.07563088248134937
48760719,0.42412173676817333
48762969,0.24149392378421378
48778236,0.5287413178010227
48815656,0.09328476485095624
48828269,0.43647563425203795
48860774,0.23537035844885865
48863277,0.26850711070144523
48898186,0.1724243176666177
48926565,0.20077417849568116
48931592,0.09053417107265498
48970597,0.11748684824528036
48992497,0.11337554963033177
49056586,0.03886853145660388
49057698,0.057267536788027616
49061245,0.7630796829932214
49091935,0.07306617329309407
49145982,0.3852393920785636
49228428,0.8799470704343116
49283085,0.34026138030435593
49373666,0.31363037478771977
49385418,0.38972911784297054
49415555,0.33872696999746116
49430331,0.3668053715955163
49485813,0.7593219017870182
49496212,0.05697308209730758
49500029,0.8325385857951713
49524835,0.1657978449187638
49558902,0.7876623811209245
49561887,0.10799302668827117
49575501,0.29375074055567163
49610845,0.21477828967426105
49648925,0.3705953393039801
49652169,0.6507212654759247
49672261,0.21693804011198323
49724677,0.10170577421001689
49728929,0.963836896284137
49741231,0.4588727059125124
49817949,0.2765720674860442
49895138,0.5816099886299659
49911170,0.849596525309084
49962107,0.020605075349531713
49971781,0.1687202276381253
50009033,0.39109790654166515
50015929,0.4740863104719918
50095077,0.8851977654701385
50128250,0.414838000694177
50129303,0.022224143148166797
50175498,0.5256487297315485
50209827,0.6693064933097058
50211811,0.3059264586539491
50309844,0.25579152655277454
50339535,0.16223561538988313
50388916,0.05279337795973994
50474809,0.13772567120347023
50500924,0.3215985957058047
50502217,0.40563334192166045
50517114,0.9432628124862251
50568769,0.42412173676817333
50611937,0.3751869122332382
50665246,0.3298982214851041
50669968,0.039341250997181006
50717991,0.8626224410326458
50726996,0.5489191018886528
50746975,0.8039585894127708
50756916,0.42412173676817333
50774566,0.385829792779402
50851892,0.35973014193858144
50869220,0.09262532687559548
50938480,0.8790296158494827
50964651,0.8891431284713369
50985304,0.4204577844849289
50986158,0.4688478250220896
51027977,0.3197794740832957
51088221,0.8072637395577975
51093437,0.8854732760597698
51115167,0.5842361956243726
51129961,0.27469455464745896
51147020,0.4383692648856997
51187752,0.41978074575547575
51288726,0.37286794299187087
51318217,0.289588323186409
51358237,0.11892320435317978
51427893,0.16510803804184376
51491644,0.019414437219645062
51528785,0.5772388574888332
51543831,0.11760925061783499
51643708,0.8381433268222517
51656161,0.7899881997358816
51728818,0.5221677679151759
51768063,0.4048784692662624
51797529,0.8776899498607159
51897936,0.4583648500158251
51906433,0.8179662803774871
51920655,0.7799639338758013
51970128,0.05802339483279296
51982891,0.35335297752726996
51993392,0.8318814937871869
52011821,0.5296123277969926
52025881,0.36150975985436423
52032698,0.4166998648493721
52060487,0.25527885339314477
52102813,0.7357353830656153
52118643,0.253824380819439
52165266,0.4499434590742484
52194263,0.15724403496693062
52203393,0.7205010389949429
52273929,0.9511244264829197
52302940,0.08121810417492972
52354153,0.8696973042367884
52388516,0.6777329643112618
52403999,0.29781773445054655
52439629,0.8616786575416301
52457006,0.8182219584322445
52478008,0.33751148828158206
52504826,0.42450408590394695
52513416,0.16487326778429792
52621710,0.7807811604804192
52646727,0.5317166219356941
52676628,0.11411472625247296
52742755,0.06128694227951954
52771053,0.7269109522779957
52774763,0.1362433523694854
52866075,0.4169532196956312
53040376,0.26666651500576694
53042935,0.06905918688152227
53092510,0.42676814103059696
53095860,0.8546982460961994
53198559,0.0764203359456952
53210255,0.29568097912764363
53218858,0.174686948561155
53220188,0.053240562752395866
53232417,0.4657793442146247
53245434,0.9817649596301563
53268052,0.1231911323270191
53296243,0.7363599552690991
53321767,0.3787627138705697
53336431,0.6750052707985663
53406614,0.13060904720829555
53477202,0.28532816475603234
53523819,0.9500986557296206
53545689,0.05578401928271895
53554577,0.48526094201025616
53571593,0.5123664183858435
53594805,0.10948638591590645
53627743,0.12191442864652179
53645677,0.8218607239995567
53676879,0.6337861500700501
53696635,0.5617011362061294
53701818,0.07131473371317243
53766369,0.8684621987295524
53767250,0.05154570420209351
53774994,0.4903426587872057
53776320,0.763688784589118
53794818,0.9043525926620428
53815150,0.8643103372523346
53847866,0.5512282040607199
53972911,0.3852393920785636
54017209,0.2273126680006045
54063746,0.22349026062255484
54064417,0.5699271362934732
54163999,0.6727539547171691
54183215,0.3990395282881829
54185672,0.12247965405049126
54199565,0.0953212086202533
54242501,0.29127027786414067
54313259,0.16198732695685775
54513531,0.35557385894891425
54536278,0.5994664232261306
54549909,0.6043713205943003
54593643,0.2916269256144467
54659930,0.46612836554406295
54677927,0.6808921398695986
54678951,0.6733928929215155
54786851,0.8325642517100574
54825984,0.502068909533251
54827084,0.6797879712246596
54840306,0.09426511552230613
54871257,0.9475021844684146
54916897,0.31592501178364213
54921924,0.029938881850870173
54999489,0.23479778932643797
55035689,0.09779051679738979
55040277,0.45468356022189
55045775,0.22993266862894673
55047220,0.17474092824105242
55049025,0.8500756522009494
55086769,0.7678205916976059
55086907,0.42412173676817333
55128348,0.41101137242432945
55144070,0.656622501481324
55155107,0.41675195475563015
55200262,0.20752847953303297
55237182,0.2427654624389616
55262942,0.16446906725951205
55277921,0.03559087317917158
55301181,0.49217765908321215
55343396,0.0728512687534079
55352054,0.2346725868721209
55388140,0.41875604524628507
55455058,0.3543250349500005
55503382,0.8071347797612033
55506779,0.45096133260364324
55530412,0.6441036887534276
55538514,0.4179572520399047
55607364,0.7880755979722478
55652847,0.45026757844042103
55705601,0.13263075178164074
55774120,0.5307493212330262
55806303,0.5355508649298747
55843641,0.6974298227600608
55860979,0.4204577844849289
55921047,0.3605529140609158
56006743,0.23843067999913498
56019414,0.36830562826869573
56109533,0.5728525245396932
56143504,0.5133353609770884
56152331,0.5926099887430962
56159176,0.426358573086138
56182602,0.08515550636741219
56198813,0.6133009543439435
56269584,0.3835367238046839
56284357,0.16927387730991603
56369187,0.2754201778513799
56420502,0.3515975094311044
56436494,0.042720890143845565
56455029,0.43168330454114484
56490839,0.33182728609589657
56538073,0.2713118575409198
56606308,0.5699846726708567
56637665,0.14621745698106614
56639375,0.05112049259285434
56654346,0.2259899553440255
56662163,0.3441796657564165
56734262,0.39119805312223443
56743802,0.5939258579265421
56820772,0.40822305002155945
56843890,0.3717473904422417
56902795,0.10508534497073817
56982294,0.24173367714039617
57052980,0.03128717350938943
57069387,0.4068718780254267
57114416,0.5806924056223727
57154397,0.8206228767932185
57206593,0.5677324023024648
57258798,0.33182728609589657
57271742,0.7525629520446819
57334646,0.17347928667831394
57350950,0.2507462997201061
57368776,0.41875604524628507
57380153,0.4415823195818679
57382212,0.39076269275831993
57403649,0.20841884004047545
57417933,0.36052068975457713
57447668,0.42412173676817333
57495074,0.9605415388559356
57501477,0.35130606176294155
57539287,0.3273824709952452
57582108,0.3192109888199414
57609182,0.33182728609589657
57631143,0.8696087779042478
57651456,0.36743190040941826
57671345,0.5044163305632595
57765004,0.29521546128963894
57798368,0.20765957253735157
57802431,0.552253757409368
57818455,0.44842539136668247
57826194,0.17071487609304084
57845894,0.8796176352514612
57925369,0.1975594747766415
58015523,0.5931324896923453
58017754,0.42412173676817333
58053783,0.045295831440204055
58092791,0.35839838371845684
58146848,0.40822305002155945
58161351,0.22060145689149885
58165107,0.1347878971279007
58244158,0.12370171091151262
58310145,0.42056234158685746
58313441,0.20187618141048835
58337944,0.12614204027172563
58403873,0.6150323339748882
58409683,0.39435018235733377
58413297,0.07159663223836683
58463825,0.5518717703228103
58515334,0.7292919772287219
58589812,0.6488546344546676
58610651,0.7900014777386029
58627203,0.13402702722817764
58687545,0.08201674417363639
58699299,0.6687085940777496
58788456,0.520935820161654
58792452,0.8092214997623708
58794851,0.36958044048982525
58798311,0.33001698999767276
58803010,0.8112592460061754
58861824,0.18113591711978466
58986725,0.962246125202533
59026499,0.46562438420370567
59061421,0.42412173676817333
59068281,0.08865618914070655
59068979,0.42412173676817333
59247238,0.27167831974233736
59331236,0.3211513018517845
59398993,0.6455361882841484
59412639,0.49648496438559936
59473185,0.9047705948954708
59519264,0.3429514011581601
59532496,0.0532864518669004
59573640,0.9340423176979877
59636777,0.0664944627806668
59672142,0.3130722873645169
59676418,0.18568006741761686
59722733,0.4098629931791614
59751558,0.695368686820286
59772148,0.37603554980720116
59822250,0.13570448441239555
59848536,0.08955413934980301
59850201,0.3119256274070659
59924985,0.46142799117146877
59953125,0.247451306631831
59971322,0.36354220739812504
60003965,0.499295277492846
60037489,0.382981286609538
60038481,0.8586281718049311
60038858,0.058227642471986495
60105418,0.2203836618705749
60150994,0.5164502588791322
60151282,0.7882008077915705
60159397,0.43424689022607
60164248,0.416748174333716
60230079,0.2119127599973275
60322160,0.03519080719935719
60334649,0.6434399717899258
60373957,0.32368292113085523
60456046,0.5697113675602893
60471515,0.05712389777433115
60600969,0.395083080000244
60716101,0.3418304810532475
60768036,0.8895445377510826
60802442,0.10890401811146086
60804549,0.3972476918008171
60832587,0.5570993195749279
60845402,0.5010332024827217
60875936,0.02517360025659777
60884845,0.3548731611831091
60958627,0.8333011757331704
61015849,0.16129629259444497
61090794,0.9286227398526042
61092521,0.06646135279427061
61127974,0.536148883164572
61134525,0.8855582175926936
61242490,0.7269573573152487
61267221,0.4086226634510764
61283132,0.9724745089178416
61294827,0.2537106302360707
61317029,0.29584530463561975
61336379,0.9059852365787675
61378124,0.8820916658032221
61385271,0.6175944513631759
61399891,0.058419329455540514
61403125,0.42412173676817333
61422381,0.8911391334283213
61431388,0.07580461474454975
61490379,0.42412173676817333
61502221,0.8852624211657687
61531890,0.6730590891516066
61572068,0.7677701426114926
61590720,0.5505308556338534
61628007,0.3577423955055348
61659690,0.42412173676817333
61726597,0.24531292462668916
61740250,0.40823250667308947
61743191,0.862403525236968
61766010,0.4068718780254267
61792627,0.49310850330441125
61821103,0.30057908803505023
61880261,0.29737771246822964
61883472,0.5155162542195557
61892054,0.9160590966937886
61900989,0.22398992010859828
61928724,0.29369014122015685
61942794,0.8483152671501076
61949485,0.09516029792260876
61952744,0.6693043591454451
61977775,0.20702126637417534
61980616,0.22126395206630073
61989470,0.2720186349919021
62048436,0.3568961234942452
62076715,0.29346037375678286
62084181,0.7667883006023873
62085233,0.42412173676817333
62094116,0.6101348594921069
62118296,0.09507201306213707
62131392,0.8271763573244668
62165080,0.31276883858634064
62223163,0.6292261437488885
62279169,0.4565696579138843
62312250,0.5258667636242337
62323241,0.2149434912900432
62345856,0.7168134191002189
62374959,0.09127427619916559
62411289,0.775098778497393
62417559,0.07732835452193931
62450762,0.11746958812007156
62458162,0.3171830260565432
62498113,0.6476985137647326
62498399,0.9384592219995621
62561374,0.08716788031599461
62602001,0.6772920116488621
62618815,0.6032892838698536
62630176,0.42548843941190334
62638765,0.461431941110849
62701049,0.2707875260475023
62723208,0.44911910171254243
62735032,0.4880042808173983
62810506,0.33872696999746116
62857590,0.0710053062973212
62873812,0.7715285312014385
62886310,0.36900521152236526
62889274,0.44340933267323546
62943829,0.12067454763914415
63043067,0.44410897096731317
63090151,0.3634032798640523
63121791,0.8587404173624639
63162438,0.812540040565255
63173740,0.6515971890602926
63178980,0.48855192215359344
63255234,0.19770891019505638
63278887,0.6348487922809851
63311784,0.31548305781970337
63314146,0.5147231885710473
63382686,0.2453513907663585
63424255,0.34311061342995103
63435663,0.42412173676817333
63470330,0.10551913687248377
63478078,0.29778983681893334
63479862,0.7312688513233581
63547841,0.874924419868337
63550907,0.23420267752231452
63560017,0.6296937153923614
63566482,0.5316878744123416
63567342,0.3457779707791423
63576914,0.4414910706452063
63592952,0.1700728000012494
63594478,0.06503777981606997
63636771,0.5999959443959191
63697046,0.6576734229355528
63699205,0.23064859560002268
63701376,0.39929889150533693
63726080,0.8149763221177991
63729265,0.9106386213881339
63749972,0.7298820927554476
63823503,0.39139493881439724
63887417,0.5185185760915436
63908670,0.19048614681678325
64030526,0.4514574960770736
64050247,0.6283988814027663
64064066,0.5020119983321295
64099732,0.6530705749363994
64188812,0.48238956280182976
64222251,0.37603554980720116
64337148,0.20709873121614883
64369553,0.9665067094392406
64373283,0.060027149926057545
64392377,0.8528238145548189
64522548,0.03739586524992729
64530618,0.4662625139578277
64546343,0.22407877832996664
64548384,0.49648496438559936
64568194,0.8864403993805138
64582057,0.32922329205576384
64584327,0.1590262345273991
64617678,0.9293131108781119
64637880,0.29369421392691675
64664590,0.06760560487954496
64697439,0.5012559325013098
64752743,0.16318526702995373
64768263,0.9013662728296878
64800004,0.5172886664472989
64810479,0.06814939157006832
64887407,0.6835694942869781
64938093,0.4302429067811758
64963998,0.9251738319932329
64995508,0.14838509314470907
65042737,0.28103558144620683
65075641,0.5813913645570484
65096679,0.40857629296590664
65104213,0.23549114241815425
65128317,0.3161229176658654
65148547,0.4707556954746893
65179321,0.05660189031116559
65190849,0.4524250408894037
65193271,0.2339070990131849
65258798,0.6220313158055125
65292213,0.5127452357426076
65375835,0.040596138337694126
65465815,0.268146593322845
65493433,0.7667454407377008
65571186,0.3258101621770484
65617755,0.12102375487040366
65625505,0.06161785463325499
65797083,0.7439281041978136
65803757,0.9855904391848584
65833509,0.9471096817381041
65910902,0.4068718780254267
65962287,0.08717874173052068
65982943,0.5713337476031616
65983905,0.09558237664340398
66019252,0.09506861314881414
66050282,0.36805901080018993
66051661,0.8695685851276492
66118344,0.03886254144039461
66118785,0.2101024040221562
66144639,0.13181490383635763
66145899,0.6183176389764745
66153079,0.4414910706452063
66187633,0.12904159366619744
66205516,0.13993450795038842
66242493,0.5255390563169867
66250675,0.07618485517401138
66269250,0.318129432755791
66284593,0.6614071418663459
66293375,0.42412173676817333
66333061,0.05064338277799092
66342111,0.04489368785553524
66382055,0.8383254323063073
66568484,0.3298883516026412
66600468,0.44563901655435484
66894718,0.7857802195187136
66923876,0.3438863893448359
66936891,0.7947427052639271
67042710,0.8357732217422431
67046767,0.08957539452973318
67058810,0.9574163239482143
67075839,0.38135449855793097
67093735,0.13272566144233028
67104228,0.46095746632744594
67118981,0.04807612123040824
67149540,0.15349567917415471
67196163,0.8335376078533702
67206030,0.16461597843677384
67232660,0.7412145401872633
67292802,0.3276284377348806
67316586,0.5304916617422958
67323104,0.1776723308906905
67328641,0.5897558331682674
67440285,0.053412927597454814
67440736,0.34311061342995103
67465341,0.5879410543391507
67497098,0.3126934768384537
67532973,0.39502641829950874
67547399,0.8814746905878699
67598153,0.14767757047620675
67608216,0.8818084121030592
67680029,0.4758777898754826
67688725,0.37615299391542817
67717126,0.7196309763541735
67728458,0.10242515428610231
67731915,0.6323368040492222
67738197,0.24942861436873542
67755320,0.42412173676817333
67762606,0.46609117175173936
67842357,0.9211596180988294
67850934,0.395317418954111
67889174,0.15628356729976892
67898574,0.7564423886936974
67901119,0.26877764530101744
67924508,0.10693940612084907
67927807,0.33611213327937584
68012693,0.547817909410871
68078489,0.09686394182270396
68089681,0.42412173676817333
68101656,0.3991536380454486
68136440,0.6731246648533175
68156212,0.33872696999746116
68246575,0.7069910787604629
68309319,0.4335228612738485
68334247,0.32462181744157814
68363141,0.42335451302444566
68385632,0.46627139450717126
68387921,0.5252653176181161
68424595,0.5749510518803526
68444868,0.03586467683702553
68452969,0.20370950883123198
68456799,0.3822903627313415
68515960,0.49592353343197154
68604501,0.3532374576935351
68607680,0.7397281181867722
68671525,0.10103558765839249
68761333,0.16759491427698073
68764710,0.1828012611829453
68796728,0.46177734951944904
68832301,0.022541131655346706
68836930,0.34405431446535484
68844152,0.40427044417086483
68859425,0.6174800557858415
68870981,0.25212826901979063
68893149,0.2608373126629346
68896019,0.5930902755216295
68897199,0.4391686845011426
68945476,0.3655221944472438
68967565,0.20681826609558618
68995347,0.3714904203467698
69006499,0.1934829991643452
69015745,0.21802414761253533
69052112,0.4204577844849289
69079482,0.21296853160905946
69079911,0.04643457964279482
69100576,0.4076854981878039
69105757,0.4186434157170046
69123469,0.45960498924744847
69161700,0.6608722592688114
69228691,0.8012812380619063
69243840,0.9011462575771398
69269626,0.39238059513225837
69270294,0.8347743339697286
69319418,0.038949851649725545
69323403,0.9273645122540137
69341664,0.8185260090836699
69415814,0.2517251140277257
69549133,0.4740863104719918
69598297,0.5492665302461378
69638863,0.1139195870370238
69646893,0.9672191699207919
69687686,0.7627035721363974
69687814,0.6473315796422165
69698446,0.26337122059726126
69712465,0.06291695132927176
69757958,0.334152511950193
69802115,0.45584098812750734
69821687,0.1522430749614194
69842066,0.13764020775108982
69867854,0.5153993265509913
69876998,0.28641978877665003
69883643,0.8945362616899906
69897761,0.38939510851143494
69904612,0.3127185755789127
69906772,0.6489095880927056
69942970,0.05339394177684977
69963880,0.1373002163461363
69971972,0.6639864962711315
69978228,0.31303251380164315
69990113,0.4912451808401719
69993604,0.5984151963935885
70040545,0.4442516006311452
70042394,0.29036452593852446
70109231,0.293903857434954
70145905,0.49573309798174753
70163966,0.7540405072644601
70170473,0.6616677353937317
70213178,0.11607749503379795
70291802,0.049515895619610964
70303104,0.4068718780254267
70307755,0.4880924935942456
70327108,0.5596079008774915
70335057,0.24578725590490375
70344484,0.08128257193774209
70354106,0.7892406064706292
70367577,0.48731233172522015
70372326,0.13143438934793822
70414581,0.20690270466077698
70464233,0.7809744110842398
70503463,0.13626491296486265
70549535,0.22943595133091685
70555555,0.15128774867064024
70634169,0.3193506722451615
70741079,0.5642484891876017
70803862,0.3401820129695845
70852678,0.19521120762819624
70870942,0.4767099756958418
70917262,0.5648854314234856
70927779,0.37518515442613704
70932702,0.9173120717778867
70951201,0.26899841219701226
70956280,0.12464271287955803
70988604,0.5204913157100203
71046753,0.3519019742535639
71179702,0.334860112727603
71186181,0.15242631937001547
71219052,0.1674779268853934
71222388,0.24461600583599946
71243465,0.32202138364259597
71276247,0.12894379558848257
71331376,0.15768232903297075
71373271,0.19710510319134775
71430149,0.3351753269921427
71461408,0.14103173788285858
71474169,0.3021414295548126
71476478,0.2175279990910644
71479996,0.04506847990505012
71507873,0.19813870726193494
71512641,0.46562438420370567
71598295,0.29388336606780285
71615404,0.7725121671670581
71688082,0.9295794948200785
71718427,0.4737144491016179
71739556,0.2212123545336379
71758343,0.40470809652429524
71784584,0.5427441625935384
71791698,0.2886421784620755
71805563,0.1684017861938427
71841763,0.6615749181582727
71860004,0.0472169712622259
71872087,0.6762120551034345
71890029,0.6793750962502
71893817,0.33872696999746116
71946204,0.7663091188427458
72015340,0.10185487743659852
72024916,0.5942950972026069
72027887,0.7218323683722644
72031273,0.29372686492272704
72070089,0.48863832879296654
72126896,0.12521864227418897
72140437,0.2648835210278743
72148596,0.6538489821579854
72166069,0.7446256940003351
72199057,0.4204577844849289
72251760,0.39922950560287374
72256116,0.6854823451440379
72288442,0.057398789193639894
72300603,0.32767707690195935
72333984,0.39379898674281494
72341948,0.08033013349819323
72386019,0.06090694256189002
72417018,0.6516876701777187
72471571,0.80191322962478
72525197,0.7588077566310251
72527809,0.4063065976183964
72545770,0.33182728609589657
72557966,0.3338434719615718
72610624,0.3522882397890311
72660931,0.42880018577399776
72661208,0.4165054061715631
72726543,0.46562438420370567
72751958,0.3327181923512675
72762405,0.42412173676817333
72823987,0.08377928289801179
72856775,0.3575935335001105
72987018,0.2993469821842259
73020815,0.32861387312027607
73062350,0.6515423912340819
73155567,0.3589468304980285
73172177,0.4076826736086752
73175338,0.07346833820499478
73187721,0.34732283105302375
73189859,0.4583648500158251
73258460,0.15051344699904318
73276006,0.37924110895958213
73331514,0.3067983151396482
73341034,0.3534564771065349
73350115,0.551752951442806
73372506,0.43357407263783865
73410933,0.10034992359982989
73447475,0.7558140300376683
73465371,0.6992082253708711
73483226,0.05342493717896777
73483231,0.23166930672068503
73505717,0.21471822794937967
73554785,0.42967759293117286
73598812,0.31445923734514053
73637026,0.05662586124586714
73674968,0.03544122969356069
73740375,0.7484168261849894
73963025,0.865166222133205
73977285,0.7853617214406681
73979134,0.8314618017349247
74040264,0.42509344579554814
74115193,0.8583260978189603
74128530,0.23317844818087136
74143191,0.6688944257573828
74146605,0.1281574016666062
74192474,0.30140705320557354
74229871,0.823189452987561
74302740,0.0377445767783013
74322014,0.27813373384338247
74340205,0.2740270984882687
74376012,0.7061104372184632
74418143,0.6303899851162778
74420040,0.6514355944685499
74428229,0.8102530275569447
74483095,0.4068718780254267
74514929,0.07410187821511786
74515789,0.41864512909388196
74566126,0.342802838088557
74611939,0.08870971781202984
74612100,0.14102494165642818
74621121,0.3967273228049671
74637057,0.15194648595688637
74666069,0.7404732479085752
74697056,0.7819180120836774
74714195,0.1238351621330583
74727448,0.037131290915946885
74733200,0.7107243612838375
74742346,0.18750696645829873
74752178,0.9291769755538398
74850786,0.05190095904005748
74875050,0.5012555579772655
74924638,0.12067534120564663
74992220,0.4542327509696184
75010111,0.4204577844849289
75087599,0.2745063594203149
75092576,0.36697185083125605
75106459,0.23028908962771225
75183304,0.33182728609589657
75194021,0.2877875785936443
75315773,0.8647655456748569
75353732,0.7347462845477518
75432576,0.7404269983645013
75434370,0.08647435960232794
75437669,0.3523883671179586
75438716,0.853383618088612
75444663,0.22886274007359575
75448743,0.061188379653408356
75474864,0.5116167248614916
75604431,0.8766631660450267
75612674,0.0888533058315872
75672703,0.09201958089680161
75685115,0.36759366352414824
75699831,0.07372271768958495
75707940,0.4124320950341206
75759478,0.39099313404352365
75781902,0.2858767500227507
75820447,0.6241178496340318
75828785,0.17276457789498725
75846138,0.3751500491990274
75849526,0.8587216426376123
75983165,0.7140643367695968
76065011,0.4045311383129867
76073429,0.4073046701131805
76092488,0.382981286609538
76122863,0.3080927484128458
76131079,0.39148595485987636
76133553,0.7477140904034575
76149338,0.6143549047580665
76169287,0.29773526256169447
76170259,0.2506820272149444
76229986,0.6291073424535488
76252471,0.2871992287480923
76295599,0.4642742527554774
76310395,0.6471457881217524
76357189,0.427686279504621
76409349,0.4392385659689695
76449337,0.12749807205525218
76508289,0.3568961234942452
76553385,0.316268883441207
76583555,0.2675459889169475
76626549,0.32679874213607096
76658003,0.0392611411838899
76675942,0.1814141373035678
76762108,0.25907413534151996
76773689,0.6671314124559653
76781240,0.40597936693732206
76805207,0.48925568418900833
76824089,0.0745708026955467
76878167,0.7565844799996083
76988366,0.6696714583386827
77036586,0.22246404917920007
77068875,0.20512672398134751
77087708,0.4302429067811758
77091333,0.2413584841956455
77097428,0.3277344638367086
77097744,0.8346394930610519
77106908,0.12398210591350424
77125355,0.4917512170092257
77152157,0.7986126836456382
77189566,0.45947881850565775
77197207,0.4412015870263802
77230698,0.5389472481515021
77232640,0.5865762652643499
77248184,0.8075357736397086
77305367,0.579075911513476
77317057,0.359551257636186
77568883,0.07208637882469088
77582760,0.8452935049789405
77729054,0.05890149009025589
77770586,0.6437787138665
77821007,0.1348478159364245
77846176,0.8277460304368023
77936187,0.7540648485961237
77963577,0.4414910706452063
77974617,0.9437673911542377
78024219,0.2886325989578097
78029866,0.4069473309919756
78046743,0.4355427895393883
78058615,0.7313317599625819
78101760,0.32923183137484074
78194360,0.12861060288735682
78208546,0.43480482366360806
78230017,0.6422270345424136
78336615,0.3313685384839259
78370125,0.42412173676817333
78386413,0.22265799188152008
78437901,0.24384644021895113
78538730,0.9584478472229662
78559970,0.9899861264761965
78577781,0.8455457657779022
78603033,0.9111976735771622
78603727,0.0782057606200764
78661245,0.11905912266760026
78665503,0.07492471921287716
78681889,0.4181977130500593
78720273,0.3709362554255701
78773470,0.14731206687623002
78780287,0.08288000801582415
78835307,0.7817802012989915
78841869,0.8206879850135225
78867169,0.46169491593975787
78970218,0.3052177137072117
78983227,0.1064512659919599
78996587,0.07053969875014798
79005623,0.8756303314092044
79010721,0.17009045604422304
79035179,0.7397331718616408
79129207,0.21031145967225714
79131647,0.8175300212575911
79134293,0.7564643206610246
79157249,0.32123101712064667
79241506,0.1560445364002751
79304680,0.6818830633766764
79361268,0.2251948379319457
79387154,0.1142989067041203
79532297,0.04963917416322079
79574943,0.4068718780254267
79575808,0.12590228212219398
79618475,0.08255373361228813
79678716,0.36290337422443547
79685736,0.6167387298754061
79715080,0.5996702281600772
79728544,0.23002901086457683
79843973,0.0853451138131328
79850492,0.13454012570286789
79854567,0.611985891069138
79878240,0.46562438420370567
80012667,0.2244086143771677
80022190,0.7667954992205002
80043060,0.9291246001379626
80063130,0.8625487617845041
80099081,0.5027942077923224
80114946,0.3605632077455971
80117442,0.16326435427937444
80140038,0.43485005840619984
80174387,0.7250075031518592
80249747,0.6361807515178037
80396561,0.03931505407295697
80409954,0.9570435852647352
80452059,0.5672029095257569
80476834,0.9180466121988244
80608304,0.8668953565615523
80613198,0.38115640842318543
80641897,0.06089459998456091
80654697,0.21934941871596433
80678417,0.7552382117075147
80857108,0.028061091583187977
80922666,0.7814275441448892
80929391,0.9302838687148826
80934822,0.4414910706452063
81014923,0.21902718293028753
81112840,0.4204577844849289
81193678,0.19296365051036207
81271975,0.8978894334530755
81285545,0.7217728460675471
81307573,0.2601219298205279
81388660,0.6734776428740156
81404322,0.1841347616867311
81440707,0.40865815385367565
81469705,0.470608887747008
81546263,0.399932974679455
81557213,0.48345738361279855
81564760,0.06415393122941221
81615369,0.24697684457469574
81630787,0.39310100335350023
81637000,0.272970515991906
81711797,0.07689736027357004
81744193,0.9669327791607313
81746047,0.12295988942236094
81768650,0.8944491146802336
81777225,0.06186032092515164
81820532,0.8408859749083316
81821284,0.8690124675067603
81824059,0.4366639866715321
81833822,0.4366278429743575
81837813,0.19499076393942785
81846240,0.10417797212874022
81881468,0.9097775921022465
81888944,0.5037001920396018
81924309,0.20397153401532248
81936989,0.12554339033288672
81969361,0.9279863375807658
81998653,0.02768917146250443
82019973,0.6207095243762397
82072486,0.4175019029683351
82082452,0.752857920447733
82182319,0.48879186639171956
82203542,0.12130821241861527
82206834,0.488853820826211
82225267,0.8313824998722387
82232608,0.20449841086142515
82234705,0.8441073251038609
82239419,0.6967814102113674
82256137,0.21699992802521104
82335322,0.7838302842330375
82336582,0.3852393920785636
82338075,0.6977252480958683
82379400,0.8222924779393561
82386433,0.08184483525590416
82453967,0.19383110908646328
82500322,0.45882729365422253
82518781,0.36534831438322074
82559544,0.6809520944879817
82577816,0.06631462930584495
82584130,0.6940392756883734
82606755,0.36618449058869323
82637921,0.4088632477231822
82650025,0.2986770787143358
82656164,0.9281504506780682
82716985,0.13376858206286413
82724299,0.9587994240891513
82825677,0.5145096676055247
82854894,0.984871344921843
82893062,0.16306455632030795
82903963,0.43224107216756197
82968409,0.9486728630185042
83010794,0.3059468602716439
83046515,0.8292088245756021
83063340,0.09163642201571541
83074025,0.35358946093680604
83098697,0.17645852030461512
83159171,0.9902737836491142
83192420,0.10495261409942776
83213051,0.3119637430654221
83256646,0.7201580772180939
83314015,0.42412173676817333
83345157,0.6264442587525085
83405070,0.18428193426642211
83423425,0.491209464390203
83471467,0.26142193629482613
83513635,0.40714624878486283
83577667,0.9303110832765465
83606802,0.34662133586482985
83621174,0.5799245532018538
83655199,0.19810554921125276
83669219,0.8864753678566645
83679880,0.20898689097694184
83704249,0.9482846495467357
83733978,0.8231161470599104
83770587,0.2919814677698715
83827093,0.6517368281790923
83835663,0.8591209655117341
83835729,0.2215298537954684
83882689,0.42412173676817333
83915586,0.4185898727273678
84068355,0.42052343820761406
84100380,0.7893140564190504
84105822,0.1333335586587102
84153999,0.16568732435962177
84219086,0.46005882866839914
84233768,0.3101671948931271
84258441,0.41108283886163527
84305124,0.2953461259563946
84328244,0.48531798680153393
84355057,0.33872696999746116
84399280,0.3332398063018512
84468025,0.36991269001130933
84502173,0.5475155687258706
84524540,0.1375973317330826
84542981,0.1517758583276878
84576038,0.674187368140247
84581843,0.17635262698249166
84688545,0.9109004900558586
84765219,0.5024917761336865
84767947,0.6960031790259913
84786346,0.9924974439158056
84791354,0.31945158196856926
84807183,0.09431429772447886
84811427,0.08681903834507922
84877317,0.6455469319657576
84899516,0.06682605554713
84905539,0.5577564383923174
84958317,0.2550203951133056
84989291,0.3745432216381209
85002173,0.06357297940216478
85035842,0.037326303863367896
85050173,0.876761416974742
85092930,0.14811512260238194
85148948,0.3972476918008171
85267206,0.9910819520441211
85283488,0.15932727141215064
85320913,0.3129098791351081
85336948,0.29373672692891817
85342830,0.15929722711606414
85352744,0.8638878755440533
85358613,0.5428672671549569
85394542,0.21052515698443813
85463132,0.563195422175153
85496219,0.43098917895072664
85508463,0.8503407722943632
85564743,0.7378036530528661
85573884,0.5363628822141546
85577080,0.983309825459324
85600959,0.2655471443503286
85659849,0.42268948048755156
85672181,0.8601597205848255
85692112,0.2001253966229748
85702844,0.4789569875246112
85738855,0.15658513746250996
85765195,0.32257616644658565
85772891,0.22216955110721343
85791877,0.5000917422838126
85793831,0.2130213061304946
85805978,0.26216444299695824
85847787,0.1440783521804563
85870868,0.2991763532504425
85892139,0.05691239272808483
85902713,0.20577501863747155
85929877,0.9346657071718821
86017864,0.17550170355618924
86029773,0.8611128772211208
86049699,0.7651096261843747
86053103,0.18968922316696193
86107871,0.35603517179656535
86167681,0.0997741432026706
86176665,0.8547940639022311
86259433,0.24777910815897683
86265315,0.0838567256096752
86298795,0.23786149614711175
86349761,0.3076335818626281
86356385,0.5387063005693447
86358339,0.16644260192077415
86371933,0.07840840719936532
86384004,0.47930757054381606
86397318,0.08444432690809027
86452253,0.8140358256951212
86452879,0.0580243390348804
86503569,0.6575399546133117
86504325,0.19853648386313608
86537932,0.4204577844849289
86585517,0.7990005611818132
86598882,0.7627197332658943
86645216,0.9306101924987608
86748328,0.7711948673395914
86755845,0.4583648500158251
86760951,0.5650275716675716
86777770,0.42011761566669553
86799229,0.5282321611384949
86829717,0.030265591968244947
86841915,0.13936240356976604
86892524,0.3687974403613126
86908329,0.4576458362813417
86914451,0.768510953124308
86950233,0.17454487099517435
86977246,0.5577867151500591
86992060,0.5934651726641936
87001997,0.057356860982625796
87025871,0.4642333977900695
87040745,0.90489498070911
87042376,0.7551600626846583
87069325,0.5711404739732806
87072731,0.40865815385367565
87076344,0.183753592271849
87094958,0.8539047776773893
87096350,0.4384992027409321
87171310,0.33832816151784606
87259796,0.24819973933631598
87273960,0.10158763576947122
87325972,0.35579385185264467
87407039,0.300179195889281
87469673,0.3086797748885754
87580670,0.5375795699634502
87592072,0.41086632644133236
87592864,0.5885820431375407
87640447,0.1323441801018208
87644502,0.5223227356907245
87647466,0.7016659696971406
87706762,0.03850067392788505
87720854,0.897997719010721
87743758,0.4144158228128117
87820821,0.42412173676817333
87826275,0.6165821356469334
87921552,0.4414910706452063
87978378,0.8826910849190933
88027952,0.5810806138932443
88038449,0.7711810268791326
88058347,0.05720674415622918
88088251,0.74800876224058
88146770,0.607273688714887
88205843,0.41256345091854485
88312732,0.7985995060755252
88319560,0.8405274629287751
88323560,0.6308837697255368
88335754,0.19482267946677856
88347698,0.4302429067811758
88449338,0.4414910706452063
88503692,0.3815014194926177
88583226,0.5256266028764706
88697567,0.04149726378948392
88759924,0.22808980277481755
88805806,0.2785773040149811
88811974,0.42412173676817333
88824982,0.15904478382688955
88909520,0.22039098310631547
88914930,0.5977375853742458
88971561,0.9397814649013032
88991035,0.408758501040518
89080223,0.2777661376079624
89117677,0.430893528326424
89134791,0.3972476918008171
89193458,0.04020635183231184
89277710,0.7999891015785621
89292619,0.3173090481492539
89322067,0.9454186544593535
89333392,0.1786170122436419
89339102,0.41827465530319163
89372866,0.42412173676817333
89379560,0.3174942311547525
89414301,0.32273345079150206
89471122,0.8757566646883134
89487928,0.20953480230689667
89507768,0.4414910706452063
89517332,0.6307139076864372
89519790,0.07005852641532959
89537039,0.8668566031158494
89546168,0.6182013261384828
89555284,0.8549940349768014
89666546,0.5751674400399777
89720806,0.8639518207635636
89722350,0.40516571360140063
89879557,0.5215921694994113
89892876,0.5148299615853817
89903581,0.37777317284660317
90020800,0.48412332722850376
90077714,0.48395059191659656
90168457,0.43226529915229683
90187741,0.11600540021403943
90212469,0.6270832742591341
90236282,0.2641427153335259
90238920,0.7646180804760765
90258692,0.4466168929445107
90274663,0.4302429067811758
90312338,0.257703477835823
90334624,0.20531518567937568
90387824,0.6266895902148413
90522298,0.3380187406014385
90545910,0.08387063874269203
90573345,0.06688893145050805
90601024,0.44911910171254243
90621440,0.8027629693283878
90678061,0.32050655244020587
90687929,0.12864357873703536
90701427,0.08599394835660354
90719506,0.5737021427282233
90796706,0.12490113618684173
90816770,0.2726562025789181
90849430,0.17135793097475593
90869648,0.7738553624711657
90909392,0.7224411687702688
90958844,0.06519979235692731
90976041,0.8609593736253162
90990235,0.43721372575604556
91048652,0.25783440112426403
91075186,0.7938688442541971
91091612,0.3743032559251482
91104747,0.28679189500537305
91123473,0.5621075816365596
91198017,0.4400022025440551
91235754,0.5766107342572784
91247692,0.8465170530722544
91256782,0.4570733610203611
91267161,0.426358573086138
91288568,0.44039260157358245
91338415,0.42776488193830126
91345935,0.604130378272447
91424609,0.21359830980131056
91434583,0.4368548382603236
91443341,0.733879382357257
91468542,0.4628413917773361
91475168,0.0486473426572695
91495269,0.5798798885948805
91500087,0.5474415443442824
91514864,0.42412173676817333
91518405,0.28718428761591436
91522301,0.4489607029062048
91531639,0.8478763071425149
91646724,0.33778973763193376
91720389,0.7377393793332901
91731161,0.1190539686264669
91870575,0.8707421927492983
91889063,0.3852393920785636
91983549,0.1069215882565057
92030796,0.28499956476576593
92095919,0.11762460338269498
92128235,0.71242119305399
92138651,0.048844871327056276
92158910,0.9104373422079223
92191141,0.3972476918008171
92243195,0.22662391188087147
92244211,0.7418263053315748
92251335,0.44519751129321217
92287593,0.5262083460584527
92389091,0.15496766056663774
92473527,0.2061857865779797
92616519,0.040795462782199324
92663392,0.44519751129321217
92693027,0.5996702281600772
92733867,0.8819009473511856
92773945,0.11351037597347391
92866269,0.8080074969477172
92880945,0.7765590687548887
92881935,0.15721665956126685
92901788,0.9020553990778047
92902436,0.18055797969408635
92905157,0.21088334055952163
92906081,0.5065087861779745
92972577,0.2850359361157184
92981530,0.610683226243674
92999090,0.4405427003232966
93021647,0.4740863104719918
93024496,0.07991218464276796
93060710,0.06768849035305302
93097514,0.6405738446975068
93136428,0.6592524104620059
93189792,0.6109509866318446
93254585,0.2813059443829298
93257855,0.40223596464830375
93299699,0.04481303048008855
93318533,0.09338509838534967
93340268,0.4085128339998533
93350383,0.9766521279310217
93354906,0.7057079655728018
93358299,0.8097402984906132
93364246,0.966816455007146
93365847,0.35888631283286726
93409100,0.9169177057436206
93425486,0.11970293915509839
93471653,0.4179572520399047
93478197,0.8135381586824503
93482866,0.8165408801792895
93504782,0.09503346016131214
93521276,0.5353013318092936
93553972,0.42412173676817333
93556332,0.08187485018523821
93643088,0.933599438189976
93670252,0.7404834266854
93721775,0.9291449489993308
93810487,0.2290104221306471
93857026,0.8925732771774217
93877315,0.06278742334411654
93918551,0.18516040076525783
93939541,0.22597388750899455
93979672,0.37627307559558165
94017493,0.42412173676817333
94027744,0.4204577844849289
94047150,0.45472744416220046
94047214,0.9282462250154457
94051956,0.4204577844849289
94057328,0.42412173676817333
94084091,0.34844222804765285
94091803,0.4204577844849289
94098205,0.22256532043949134
94110872,0.36963984165131397
94211608,0.20805821826445106
94238500,0.2079559777641399
94327036,0.5088317298363273
94488268,0.09061634014744821
94554064,0.15369866558355372
94597887,0.8411526261715105
94654195,0.9495503170735241
94690276,0.2492017888666507
94717028,0.03665618597505133
94765793,0.44504745113815497
94775644,0.9000146044243543
94785696,0.40156263167482886
94793384,0.4740863104719918
94799202,0.29178099766349846
94826464,0.27597055852853686
94883274,0.3056645182765906
94883995,0.2660310916048619
94894701,0.7943227151488298
94903682,0.6266334498466491
94904824,0.8450409810666458
94913380,0.3909365846946758
94948218,0.338066025976815
95017477,0.15059112667460695
95019073,0.5675388923586253
95022855,0.4189845731061686
95071817,0.5307080457883614
95074297,0.26318835086969106
95096481,0.19538733139131795
95127980,0.5543906027468879
95128126,0.7273085252414909
95142990,0.11181386241321765
95161467,0.38474934531283156
95162940,0.2774112105822939
95297546,0.06645642608046357
95303296,0.853481188175101
95514985,0.2671376808231052
95517287,0.8186425246063866
95543007,0.7609390758055173
95560887,0.35595380620351197
95600625,0.4752810293880823
95635714,0.04355397525998817
95647900,0.20680169929688658
95752823,0.575324393534537
95796340,0.6787992834347406
95833087,0.6116122781695373
95895478,0.46562438420370567
95908088,0.2324662001328266
95933361,0.17103377579527596
95960373,0.5565025538106699
95978439,0.32656042353100967
95996031,0.3568961234942452
96051203,0.18960976615781364
96064810,0.2347457704210934
96088836,0.49215957411254907
96150651,0.8422144421249745
96189210,0.4499434590742484
96198451,0.8413749459045684
96237960,0.0877374139932758
96296215,0.19553008532817742
96305302,0.24400192957712305
96358534,0.7264909738067415
96380771,0.4740863104719918
96482107,0.28843980687641757
96486076,0.43105972808386717
96490465,0.3073802044722592
96511163,0.36431693614306093
96580939,0.33872696999746116
96622946,0.05942537719567522
96631712,0.06375419434332345
96730312,0.4031986271432254
96730687,0.7102910454605115
96760947,0.4068718780254267
96780413,0.8363890745187352
96785104,0.8145458621301446
96793902,0.04461151656873571
96882783,0.4179572520399047
96985665,0.4204577844849289
97000540,0.2642854999361338
97001312,0.9161350801245417
97088859,0.7761572157383894
97102876,0.28120038445570905
97160817,0.5932050316624744
97167196,0.09712255764235768
97184762,0.19557971236638882
97231090,0.2556350338219097
97247338,0.718344423369156
97254467,0.6524109569100074
97254884,0.7969127727405138
97301558,0.08086618456632504
97343828,0.8294301661881094
97345452,0.4539866118035368
97351339,0.18335101822979474
97442926,0.46708589781007104
97566920,0.43861726077765223
97698959,0.37694680099952405
97725541,0.16698022164130694
97738611,0.7330309226580763
97768820,0.46562438420370567
97777635,0.4061792991112583
97814357,0.08199578018679625
97821953,0.2637265758151517
97822001,0.4499434590742484
97823161,0.7371825363465262
97920990,0.0688310031934469
97954177,0.21812776419864188
97958366,0.6159528360420982
97994480,0.3412417116249663
98013568,0.6357036928526334
98015435,0.4908776140865737
98028774,0.9544222841562491
98043204,0.7350488382490218
98044201,0.3524662225269501
98115494,0.22418772732370018
98153083,0.5522305009669805
98181406,0.4378657643421141
98215795,0.27185004203887836
98230530,0.33498689721750724
98252174,0.2617749922736251
98264927,0.957204544786319
98283387,0.8135998550043742
98299132,0.2787387151278217
98331257,0.8119172979669513
98357840,0.23042649835918194
98359180,0.16005201220451867
98371903,0.6034876878357157
98410081,0.7025068560993463
98486569,0.4167057718480592
98524751,0.7903777311310188
98602832,0.4204577844849289
98612933,0.09408940381390721
98641168,0.3834684043007696
98647005,0.3002751105386034
98687585,0.4258625162310967
98710498,0.9377471497648038
98717821,0.04393436482841838
98736120,0.15305192792262493
98738068,0.8686802735693293
98743588,0.8959406663536944
98751581,0.08694496637455595
98814674,0.41509170582709376
98827945,0.2650044959817209
98860494,0.6028229307898982
98871207,0.04174028244344281
98903568,0.4408361831765697
98937245,0.39110210724907857
98940105,0.1841837905464451
99157306,0.10381814308571298
99157874,0.25182832261706944
99159420,0.8883980530314385
99257244,0.8447922727094542
99285854,0.03827833139926676
99289665,0.5908178004524721
99295997,0.9545129074785415
99316792,0.8950733541482444
99345992,0.6698429489552873
99421915,0.0770837266988717
99442647,0.47418031199360017
99451669,0.33171921177983466
99493161,0.3618974926070929
99501206,0.07854049536893312
99516727,0.4937839120188449
99539782,0.8107258126891727
99548823,0.12481548366425149
99563845,0.36130865314465854
99577519,0.6120504310523557
99585323,0.03943746918358458
99603465,0.8436752302314336
99622409,0.6841176026445017
99699527,0.05166896663566823
99933081,0.6606903762629693
99963907,0.7925887242687617
99969946,0.5746994593026605
99977292,0.5400107191594619
99980396,0.039202272240876725
